{
  "dark_noise": {
    "0": [
      1.7900791817737627e-05,
      2.640692574979957e-05,
      2.209897957072826e-05,
      2.3682593538975647e-05
    ],
    "1": [
      5.155381131771719e-05,
      2.77303459412083e-05,
      5.640618383040419e-05,
      3.605817140253038e-05
    ],
    "2": [
      1.0642517054293421e-05,
      2.6131359165650327e-05,
      1.0516815791561385e-05,
      2.129890353526672e-05
    ],
    "3": [
      1.7593700931683998e-05,
      2.188072351448762e-05,
      1.9450885702099185e-05,
      2.1967154554384405e-05
    ],
    "4": [
      2.1887015009269817e-05,
      2.1972401753416676e-05,
      2.2956999146117596e-05,
      2.4479223700516658e-05
    ],
    "5": [
      1.6164603948709555e-05,
      2.7637545151119725e-05,
      1.6736938732719864e-05,
      2.4333716687410145e-05
    ],
    "6": [
      1.2886043805337977e-05,
      2.3020591070266465e-05,
      1.2279573411433375e-05,
      2.1771542147828e-05
    ],
    "7": [
      1.7203138895638403e-05,
      7.2689495240172495e-06,
      1.639421384425077e-05,
      8.343436132337452e-06
    ],
    "8": [
      0.00012401687854435295,
      5.6379857608676224e-05,
      0.0001372426686430117,
      5.1082308511951124e-05
    ],
    "9": [
      1.1419701877457555e-05,
      1.3584312635128984e-05,
      1.6748008420108818e-05,
      1.0397891447314221e-05
    ],
    "10": [
      1.7820058246798e-05,
      2.6689589855677633e-05,
      1.5155737855820917e-05,
      2.4174897204393265e-05
    ],
    "11": [
      6.463862973760115e-05,
      5.39538904527485e-05,
      5.8962955336028244e-05,
      3.425175275402374e-05
    ],
    "12": [
      1.6316244000336155e-05,
      3.4274783614136874e-05,
      1.730457029225363e-05,
      2.6824851977350383e-05
    ],
    "13": [
      1.7145421224995516e-05,
      1.3437062458019719e-05,
      1.7927822000274318e-05,
      1.3276615622007483e-05
    ],
    "14": [
      1.3530107025871985e-05,
      1.987991174283229e-05,
      1.1710386615959578e-05,
      2.1364764400268256e-05
    ],
    "15": [
      1.6002783240764984e-05,
      1.2385611649890054e-05,
      1.9475135104585206e-05,
      1.3867871898151398e-05
    ],
    "16": [
      1.6002783240764984e-05,
      1.2385611649890054e-05,
      1.9475135104585206e-05,
      1.3867871898151398e-05
    ],
    "17": [
      1.6002783240764984e-05,
      1.2385611649890054e-05,
      1.9475135104585206e-05,
      1.3867871898151398e-05
    ],
    "18": [
      1.6002783240764984e-05,
      1.2385611649890054e-05,
      1.9475135104585206e-05,
      1.3867871898151398e-05
    ],
    "19": [
      1.6002783240764984e-05,
      1.2385611649890054e-05,
      1.9475135104585206e-05,
      1.3867871898151398e-05
    ],
    "20": [
      1.6002783240764984e-05,
      1.2385611649890054e-05,
      1.9475135104585206e-05,
      1.3867871898151398e-05
    ],
    "21": [
      1.6002783240764984e-05,
      1.2385611649890054e-05,
      1.9475135104585206e-05,
      1.3867871898151398e-05
    ],
    "22": [
      1.6002783240764984e-05,
      1.2385611649890054e-05,
      1.9475135104585206e-05,
      1.3867871898151398e-05
    ]
  },
  "amplitudes": [
    [
      0.04740035572790842,
      0.052454342354660566
    ],
    [
      0.24955412121910422,
      0.26857161622123127
    ],
    [
      0.5999999999999999,
      0.697534450504127
    ],
    [
      0.14140139057836862,
      0.19671372207436544
    ],
    [
      0.18159728033301903,
      0.2644564476710866
    ],
    [
      0.028826463211067604,
      0.047599720216710474
    ],
    [
      0.07686941017241221,
      0.09548948341638962
    ],
    [
      0.5499271410113465,
      0.6
    ],
    [
      0.07539174053817987,
      0.14214768074452877
    ],
    [
      0.010225324658676982,
      0.02645182190462947
    ],
    [
      0.015497816493734717,
      0.04208454396575689
    ],
    [
      0.002402402606094256,
      0.010704188607633114
    ],
    [
      0.3066686875387519,
      0.6
    ],
    [
      0.19524332966297397,
      0.24533091522666362
    ],
    [
      0.0469908914263201,
      0.07348800632944107
    ],
    [
      0.05031645763665438,
      0.06865072529762983
    ],
    [
      0.0023923498520161957,
      0.004714924143627286
    ],
    [
      0.1152297854423523,
      0.21401718258857727
    ],
    [
      0.07877158932387829,
      0.1912173442542553
    ],
    [
      0.099834268912673,
      0.19340412691235542
    ],
    [
      0.06837628316134214,
      0.14799069613218307
    ],
    [
      0.06895169615745544,
      0.11544500477612019
    ],
    [
      0.28506040573120117,
      0.4874804615974426
    ],
    [
      0.024967764038592577,
      0.04503034055233002
    ],
    [
      0.251806303858757,
      0.3077908419072628
    ],
    [
      0.1028022134893957,
      0.166022345031119
    ],
    [
      0.31603648161412456,
      0.6
    ],
    [
      0.25641683714507746,
      0.5685683014506336
    ],
    [
      0.1470004758611673,
      0.15095863544874086
    ],
    [
      0.16491090954666018,
      0.18938098782580406
    ],
    [
      0.015361400563647827,
      0.024359655293095916
    ],
    [
      0.09746573370939561,
      0.12151980374036597
    ],
    [
      0.6000000000000001,
      0.5969134536386681
    ],
    [
      0.46182588201649327,
      0.5999999999999999
    ],
    [
      0.11920303019885106,
      0.18812069698200562
    ],
    [
      0.2530857011204116,
      0.4734311317963375
    ],
    [
      0.34777463155831323,
      0.48472393251955803
    ],
    [
      0.19370195472971807,
      0.3670793675116435
    ],
    [
      0.41616678838857113,
      0.6
    ],
    [
      0.020970620333080395,
      0.04409520596370406
    ],
    [
      0.4724809954750882,
      0.6000000000000001
    ],
    [
      0.012411360615344869,
      0.02124516461679227
    ],
    [
      0.14351698949186742,
      0.1833642543913827
    ],
    [
      0.30933765773140115,
      0.6
    ],
    [
      0.0130140826259586,
      0.022783507174979595
    ],
    [
      0.060456208884716034,
      0.14239922165870667
    ],
    [
      0.08724546059966087,
      0.2378966100513935
    ],
    [
      0.12993328273296356,
      0.20731056109070778
    ],
    [
      0.013151589082553983,
      0.03806879511103034
    ],
    [
      0.02562089590355754,
      0.07528521586209536
    ]
  ],
  "signal_quality": [
    {
      "level": 3,
      "saturated": false,
      "xtalk": false
    },
    {
      "level": 3,
      "saturated": false,
      "xtalk": false
    },
    {
      "level": 3,
      "saturated": false,
      "xtalk": false
    },
    {
      "level": 3,
      "saturated": false,
      "xtalk": false
    },
    {
      "level": 3,
      "saturated": false,
      "xtalk": false
    },
    {
      "level": 3,
      "saturated": false,
      "xtalk": false
    },
    {
      "level": 3,
      "saturated": false,
      "xtalk": false
    },
    {
      "level": 3,
      "saturated": false,
      "xtalk": false
    },
    {
      "level": 3,
      "saturated": false,
      "xtalk": false
    },
    {
      "level": 3,
      "saturated": false,
      "xtalk": false
    },
    {
      "level": 3,
      "saturated": false,
      "xtalk": false
    },
    {
      "level": 2,
      "saturated": false,
      "xtalk": false
    },
    {
      "level": 3,
      "saturated": false,
      "xtalk": false
    },
    {
      "level": 3,
      "saturated": false,
      "xtalk": false
    },
    {
      "level": 3,
      "saturated": false,
      "xtalk": false
    },
    {
      "level": 3,
      "saturated": false,
      "xtalk": false
    },
    {
      "level": 2,
      "saturated": false,
      "xtalk": false
    },
    {
      "level": 3,
      "saturated": false,
      "xtalk": false
    },
    {
      "level": 3,
      "saturated": false,
      "xtalk": false
    },
    {
      "level": 3,
      "saturated": false,
      "xtalk": false
    },
    {
      "level": 3,